{"thermal_efficiency_w_char": {"units": "%", "values": [86.38721707232048, 86.8021190751045, 87.34524293369769, 87.14119671234981, 86.74094779314203], "average": 86.8833447173229, "N": 5, "stdev": 0.37177101243076394, "interval": 0.3544430868022358, "high_tier": 87.23778780412513, "low_tier": 86.52890163052066, "COV": 0.42789675471211436}, "thermal_efficiency_wo_char": {"units": "%", "values": [86.38721707232048, 86.8021190751045, 87.34524293369769, 87.14119671234981, 86.74094779314203], "average": 86.8833447173229, "N": 5, "stdev": 0.37177101243076394, "interval": 0.3544430868022358, "high_tier": 87.23778780412513, "low_tier": 86.52890163052066, "COV": 0.42789675471211436}, "char_mass_productivity": {"units": "%", "values": ["", "", "", "", ""], "average": NaN, "N": 0, "stdev": NaN, "interval": NaN, "high_tier": NaN, "low_tier": NaN, "COV": NaN}, "char_energy_productivity": {"units": "%", "values": ["", "", "", "", ""], "average": NaN, "N": 0, "stdev": NaN, "interval": NaN, "high_tier": NaN, "low_tier": NaN, "COV": NaN}, "avg_cooking_power": {"units": "watts", "values": [0.7575731065589482, 0.7240075544011545, 0.7625766384924034, 0.7257048048662028, 0.7372564076596525], "average": 0.7414237023956723, "N": 5, "stdev": 0.017860726862777652, "interval": 0.017028253817808064, "high_tier": 0.7584519562134804, "low_tier": 0.7243954485778643, "COV": 2.4089770538851742}, "burning_rate": {"units": "g/min", "values": [2.6724512958666984, 2.5575757575757554, 2.675150402773527, 2.571448127505621, 2.600221483942411], "average": 2.6153694135328025, "N": 5, "stdev": 0.05552196360769949, "interval": 0.05293413286249519, "high_tier": 2.6683035463952978, "low_tier": 2.5624352806703072, "COV": 2.122910947891726}}