{"thermal_efficiency_w_char": {"units": "%", "values": [86.38721707232048, 86.8021190751045, 87.34524293369769, 87.14119671234981, 86.74094779314203], "average": 86.8833447173229, "N": 5, "stdev": 0.37177101243076394, "interval": 0.3544430868022358, "high_tier": 87.23778780412513, "low_tier": 86.52890163052066, "COV": 0.42789675471211436}, "thermal_efficiency_wo_char": {"units": "%", "values": [86.38721707232048, 86.8021190751045, 87.34524293369769, 87.14119671234981, 86.74094779314203], "average": 86.8833447173229, "N": 5, "stdev": 0.37177101243076394, "interval": 0.3544430868022358, "high_tier": 87.23778780412513, "low_tier": 86.52890163052066, "COV": 0.42789675471211436}, "char_mass_productivity": {"units": "%", "values": ["", "", "", "", ""], "average": NaN, "N": 0, "stdev": NaN, "interval": NaN, "high_tier": NaN, "low_tier": NaN, "COV": NaN}, "char_energy_productivity": {"units": "%", "values": ["", "", "", "", ""], "average": NaN, "N": 0, "stdev": NaN, "interval": NaN, "high_tier": NaN, "low_tier": NaN, "COV": NaN}, "avg_cooking_power": {"units": "watts", "values": [0.7575731065589482, 0.7240075544011545, 0.7625766384924034, 0.7257048048662028, 0.7372564076596525], "average": 0.7414237023956723, "N": 5, "stdev": 0.017860726862777652, "interval": 0.017028253817808064, "high_tier": 0.7584519562134804, "low_tier": 0.7243954485778643, "COV": 2.4089770538851742}, "burning_rate": {"units": "g/min", "values": [2.6724512958666984, 2.5575757575757554, 2.675150402773527, 2.571448127505621, 2.600221483942411], "average": 2.6153694135328025, "N": 5, "stdev": 0.05552196360769949, "interval": 0.05293413286249519, "high_tier": 2.6683035463952978, "low_tier": 2.5624352806703072, "COV": 2.122910947891726}}{"thermal_efficiency_w_char": {"units": "%", "values": [86.38721707232048, 86.8021190751045, 87.34524293369769, 87.14119671234981, 86.74094779314203], "average": 86.8833447173229, "N": 5, "stdev": 0.37177101243076394, "interval": 0.3544430868022358, "high_tier": 87.23778780412513, "low_tier": 86.52890163052066, "COV": 0.42789675471211436}, "thermal_efficiency_wo_char": {"units": "%", "values": [86.38721707232048, 86.8021190751045, 87.34524293369769, 87.14119671234981, 86.74094779314203], "average": 86.8833447173229, "N": 5, "stdev": 0.37177101243076394, "interval": 0.3544430868022358, "high_tier": 87.23778780412513, "low_tier": 86.52890163052066, "COV": 0.42789675471211436}, "char_mass_productivity": {"units": "%", "values": ["", "", "", "", ""], "average": NaN, "N": 0, "stdev": NaN, "interval": NaN, "high_tier": NaN, "low_tier": NaN, "COV": NaN}, "char_energy_productivity": {"units": "%", "values": ["", "", "", "", ""], "average": NaN, "N": 0, "stdev": NaN, "interval": NaN, "high_tier": NaN, "low_tier": NaN, "COV": NaN}, "avg_cooking_power": {"units": "watts", "values": [0.7575731065589482, 0.7240075544011545, 0.7625766384924034, 0.7257048048662028, 0.7372564076596525], "average": 0.7414237023956723, "N": 5, "stdev": 0.017860726862777652, "interval": 0.017028253817808064, "high_tier": 0.7584519562134804, "low_tier": 0.7243954485778643, "COV": 2.4089770538851742}, "burning_rate": {"units": "g/min", "values": [2.6724512958666984, 2.5575757575757554, 2.675150402773527, 2.571448127505621, 2.600221483942411], "average": 2.6153694135328025, "N": 5, "stdev": 0.05552196360769949, "interval": 0.05293413286249519, "high_tier": 2.6683035463952978, "low_tier": 2.5624352806703072, "COV": 2.122910947891726}, "time_to_boil_hp": {"units": "min", "values": ["5", "6", "", "", ""], "average": 5.5, "N": 2, "stdev": 0.7071067811865476, "interval": 3.1568757574004658, "high_tier": 8.656875757400465, "low_tier": 2.3431242425995342, "COV": 12.856486930664502}, "phase_time_hp": {"units": "min", "values": ["31.816666666666666", "33.0", "31.133333333333333", "32.46666666666667", "32.25"], "average": 32.13333333333333, "N": 5, "stdev": 0.7028710961319852, "interval": 0.6701108817177824, "high_tier": 32.803444215051115, "low_tier": 31.46322245161555, "COV": 2.187358182983356}, "eff_w_char_hp": {"units": "%", "values": ["83.63830162350332", "82.68090947479433", "83.32114031702265", "82.17261000910278", "82.95510769052696"], "average": 82.95361382299001, "N": 5, "stdev": 0.5674966868755991, "interval": 0.5410461566948798, "high_tier": 83.49465997968488, "low_tier": 82.41256766629513, "COV": 0.6841132781587406}, "eff_wo_char_hp": {"units": "%", "values": ["83.63830162350332", "82.68090947479433", "83.32114031702265", "82.17261000910278", "82.95510769052696"], "average": 82.95361382299001, "N": 5, "stdev": 0.5674966868755991, "interval": 0.5410461566948798, "high_tier": 83.49465997968488, "low_tier": 82.41256766629513, "COV": 0.6841132781587406}, "fuel_mass_hp": {"units": "kg", "values": ["0.14100000000000001", "0.14100000000000001", "0.13599999999999968", "0.14100000000000001", "0.14100000000000001"], "average": 0.13999999999999996, "N": 5, "stdev": 0.0022360679774999404, "interval": 0.0021318467813364332, "high_tier": 0.1421318467813364, "low_tier": 0.13786815321866353, "COV": 1.597191412499958}, "burn_rate_hp": {"units": "g/min", "values": ["4.431639601885805", "4.272727272727273", "4.3683083511777205", "4.342915811088296", "4.372093023255815"], "average": 4.357536812026982, "N": 5, "stdev": 0.05750122700984961, "interval": 0.054821144507824666, "high_tier": 4.412357956534807, "low_tier": 4.302715667519157, "COV": 1.3195809809602488}, "firepower_hp": {"units": "kW", "values": ["1.4662818229439496", "1.4137030303030302", "1.4453276231263348", "1.4369260780287474", "1.4465798449612401"], "average": 1.4417636798726605, "N": 5, "stdev": 0.019025239309992188, "interval": 0.01813848934615554, "high_tier": 1.459902169218816, "low_tier": 1.423625190526505, "COV": 1.3195809809602455}, "cooking_power_hp": {"units": "kW", "values": ["1.2263732137244638", "1.1688625227272729", "1.2042634569057817", "1.1807596622176588", "1.2000118682170546"], "average": 1.1960541447584463, "N": 5, "stdev": 0.022223905084109236, "interval": 0.021188068072624563, "high_tier": 1.217242212831071, "low_tier": 1.1748660766858217, "COV": 1.8581019246915071}, "char_energy_productivity_hp": {"units": "%", "values": ["", "", "", "", ""], "average": NaN, "N": 0, "stdev": NaN, "interval": NaN, "high_tier": NaN, "low_tier": NaN, "COV": NaN}, "char_mass_productivity_hp": {"units": "%", "values": ["", "", "", "", ""], "average": NaN, "N": 0, "stdev": NaN, "interval": NaN, "high_tier": NaN, "low_tier": NaN, "COV": NaN}, "time_to_boil_mp": {"units": "min", "values": ["", "", "", "", ""], "average": NaN, "N": 0, "stdev": NaN, "interval": NaN, "high_tier": NaN, "low_tier": NaN, "COV": NaN}, "phase_time_mp": {"units": "min", "values": ["35.0", "35.0", "35.0", "35.0", "35.0"], "average": 35.0, "N": 5, "stdev": 0.0, "interval": 0.0, "high_tier": 35.0, "low_tier": 35.0, "COV": 0.0}, "eff_w_char_mp": {"units": "%", "values": ["89.38708170017891", "90.2347229084265", "90.04779752887366", "88.76622796191795", "90.14722482959267"], "average": 89.71661098579794, "N": 5, "stdev": 0.6275687642226652, "interval": 0.5983183264272687, "high_tier": 90.31492931222522, "low_tier": 89.11829265937067, "COV": 0.6995011930644691}, "eff_wo_char_mp": {"units": "%", "values": ["89.38708170017891", "90.2347229084265", "90.04779752887366", "88.76622796191795", "90.14722482959267"], "average": 89.71661098579794, "N": 5, "stdev": 0.6275687642226652, "interval": 0.5983183264272687, "high_tier": 90.31492931222522, "low_tier": 89.11829265937067, "COV": 0.6995011930644691}, "fuel_mass_mp": {"units": "kg", "values": ["0.0794999999999999", "0.07299999999999995", "0.0810000000000004", "0.08000000000000007", "0.08199999999999985"], "average": 0.07910000000000003, "N": 5, "stdev": 0.0035425979167837155, "interval": 0.0033774804891702893, "high_tier": 0.08247748048917032, "low_tier": 0.07572251951082974, "COV": 4.478632006047679}, "burn_rate_mp": {"units": "g/min",