{"time_to_boil_hp": {"units": "min", "values": ["", "", "34.85", ""], "average": 34.85, "N": 1, "stdev": NaN, "interval": NaN, "high_tier": NaN, "low_tier": NaN, "COV": NaN, "CI": "nan-nan"}, "phase_time_hp": {"units": "min", "values": ["33.38333333333333", "", "34.85", "29.5"], "average": 32.578, "N": 3, "stdev": 2.764, "interval": 4.66, "high_tier": 37.238, "low_tier": 27.918, "COV": 8.484, "CI": "37.238-27.918"}, "eff_w_char_hp": {"units": "%", "values": ["23.23709527500625", "", "25.19526014019559", "31.54593057619258"], "average": 26.659, "N": 3, "stdev": 4.344, "interval": 7.323, "high_tier": 33.982, "low_tier": 19.336, "COV": 16.295, "CI": "33.982-19.336"}, "eff_wo_char_hp": {"units": "%", "values": ["21.43215211438934", "", "22.616810217263396", "27.96900981263295"], "average": 24.006, "N": 3, "stdev": 3.483, "interval": 5.872, "high_tier": 29.878, "low_tier": 18.134, "COV": 14.509, "CI": "29.878-18.134"}, "fuel_mass_hp": {"units": "kg", "values": ["0.8509999999999999", "", "0.609", "0.5329999999999999"], "average": 0.664, "N": 3, "stdev": 0.166, "interval": 0.28, "high_tier": 0.944, "low_tier": 0.384, "COV": 25.0, "CI": "0.944-0.384"}, "burn_rate_hp": {"units": "g/min", "values": ["25.491762356465298", "", "17.474892395982785", "18.067796610169488"], "average": 20.345, "N": 3, "stdev": 4.467, "interval": 7.531, "high_tier": 27.876, "low_tier": 12.814, "COV": 21.956, "CI": "27.876-12.814"}, "firepower_hp": {"units": "kW", "values": ["6.494320019970044", "", "4.332882352941177", "4.424750847457626"], "average": 5.084, "N": 3, "stdev": 1.222, "interval": 2.06, "high_tier": 7.144, "low_tier": 3.024, "COV": 24.036, "CI": "7.144-3.024"}, "cooking_power_hp": {"units": "kW", "values": ["1.5090913305042442", "", "1.0916809803921572", "1.3958288305084754"], "average": 1.332, "N": 3, "stdev": 0.216, "interval": 0.364, "high_tier": 1.696, "low_tier": 0.968, "COV": 16.216, "CI": "1.696-0.968"}, "char_energy_productivity_hp": {"units": "%", "values": ["7.767507682245898", "", "10.233869023716235", "11.338770796189774"], "average": 9.78, "N": 3, "stdev": 1.828, "interval": 3.082, "high_tier": 12.862, "low_tier": 6.698, "COV": 18.691, "CI": "12.862-6.698"}, "char_mass_productivity_hp": {"units": "%", "values": ["4.112808460634546", "", "5.418719211822657", "6.003752345215756"], "average": 5.178, "N": 3, "stdev": 0.968, "interval": 1.632, "high_tier": 6.81, "low_tier": 3.546, "COV": 18.694, "CI": "6.81-3.546"}, "time_to_boil_mp": {"units": "min", "values": ["", "", "21.2", ""], "average": 21.2, "N": 1, "stdev": NaN, "interval": NaN, "high_tier": NaN, "low_tier": NaN, "COV": NaN, "CI": "nan-nan"}, "phase_time_mp": {"units": "min", "values": ["27.333333333333332", "29.0", "21.2", "24.0"], "average": 25.383, "N": 4, "stdev": 3.478, "interval": 4.092, "high_tier": 29.475, "low_tier": 21.291, "COV": 13.702, "CI": "29.475-21.291"}, "eff_w_char_mp": {"units": "%", "values": ["21.83492823606499", "27.803375458842527", "31.54824497155432", "32.66165905174089"], "average": 28.462, "N": 4, "stdev": 4.882, "interval": 5.745, "high_tier": 34.207, "low_tier": 22.717, "COV": 17.153, "CI": "34.207-22.717"}, "eff_wo_char_mp": {"units": "%", "values": ["19.145509667142644", "25.477556114083477", "27.391329334283625", "29.922989696810674"], "average": 25.484, "N": 4, "stdev": 4.601, "interval": 5.414, "high_tier": 30.898, "low_tier": 20.07, "COV": 18.054, "CI": "30.898-20.07"}, "fuel_mass_mp": {"units": "kg", "values": ["0.7819999999999999", "0.587", "0.4730000000000001", "0.473"], "average": 0.579, "N": 4, "stdev": 0.146, "interval": 0.172, "high_tier": 0.751, "low_tier": 0.407, "COV": 25.216, "CI": "0.751-0.407"}, "burn_rate_mp": {"units": "g/min", "values": ["28.60975609756097", "20.241379310344826", "22.311320754716984", "19.708333333333332"], "average": 22.718, "N": 4, "stdev": 4.085, "interval": 4.807, "high_tier": 27.525, "low_tier": 17.911, "COV": 17.981, "CI": "27.525-17.911"}, "firepower_mp": {"units": "kW", "values": ["6.929137804878049", "5.123305172413793", "5.350730345911952", "4.987311805555555"], "average": 5.598, "N": 4, "stdev": 0.9, "interval": 1.059, "high_tier": 6.657, "low_tier": 4.539, "COV": 16.077, "CI": "6.657-4.539"}, "cooking_power_mp": {"units": "kW", "values": ["1.512972267073171", "1.4244517729885062", "1.6880615172955982", "1.6289387777777782"], "average": 1.564, "N": 4, "stdev": 0.118, "interval": 0.139, "high_tier": 1.703, "low_tier": 1.425, "COV": 7.545, "CI": "1.703-1.425"}, "char_energy_productivity_mp": {"units": "%", "values": ["12.317047896132786", "8.365240933432592", "13.176376819118781", "8.384967066711969"], "average": 10.561, "N": 4, "stdev": 2.548, "interval": 2.998, "high_tier": 13.559, "low_tier": 7.563, "COV": 24.127, "CI": "13.559-7.563"}, "char_mass_productivity_mp": {"units": "%", "values": ["6.521739130434782", "4.429301533219756", "6.9767441860465045", "4.439746300211421"], "average": 5.592, "N": 4, "stdev": 1.349, "interval": 1.587, "high_tier": 7.179, "low_tier": 4.005, "COV": 24.124, "CI": "7.179-4.005"}, "time_to_boil_lp": {"units": "min", "values": ["", "", "", ""], "average": NaN, "N": 0, "stdev": NaN, "interval": NaN, "high_tier": NaN, "low_tier": NaN, "COV": NaN, "CI": "nan-nan"}, "phase_time_lp": {"units": "min", "values": ["", "", "", ""], "average": NaN, "N": 0, "stdev": NaN, "interval": NaN, "high_tier": NaN, "low_tier": NaN, "COV": NaN, "CI": "nan-nan"}, "eff_w_char_lp": {"units": "%", "values": ["", "", "", ""], "average": NaN, "N": 0, "stdev": NaN, "interval": NaN, "high_tier": NaN, "low_tier": NaN, "COV": NaN, "CI": "nan-nan"}, "eff_wo_char_lp": {"units": "%", "values": ["", "", "", ""], "average": NaN, "N": 0, "stdev": NaN, "interval": NaN, "high_tier": NaN, "low_tier": NaN, "COV": NaN, "CI": "nan-nan"}, "fuel_mass_lp": {"units": "kg", "values": ["", "", "", ""], "average": NaN, "N": 0, "stdev": NaN, "interval": NaN, "high_tier": NaN, "low_tier": NaN, "COV": NaN, "CI": "nan-nan"}, "burn_rate_lp": {"units": "g/min", "values": ["", "", "", ""], "average": NaN, "N": 0, "stdev": NaN, "interval": NaN, "high_tier": NaN, "low_tier": NaN, "COV": NaN, "CI": "nan-nan"}, "firepower_lp": {"units": "kW", "values": ["", "", "", ""], "average": NaN, "N": 0, "stdev": NaN, "interval": NaN, "high_tier": NaN, "low_tier": NaN, "COV": NaN, "CI": "nan-nan"}, "cooking_power_lp": {"units": "kW", "values": ["", "", "", ""], "average": NaN, "N": 0, "stdev": NaN, "interval": NaN, "high_tier": NaN, "low_tier": NaN, "COV": NaN, "CI": "nan-nan"}, "char_energy_productivity_lp": {"units": "%", "values": ["", "", "", ""], "average": NaN, "N": 0, "stdev": NaN, "interval": NaN, "high_tier": NaN, "low_tier": NaN, "COV": NaN, "CI": "nan-nan"}, "char_mass_productivity_lp": {"units": "%", "values": ["", "", "", ""], "average": NaN, "N": 0, "stdev": NaN, "interval": NaN, "high_tier": NaN, "low_tier": NaN, "COV": NaN, "CI": "nan-nan"}}