{"time_to_boil_hp": {"units": "min", "values": ["", "24.0", "20.0", "20.0", "24.0", "34.0"], "average": 24.4, "N": 5, "stdev": 5.727, "interval": 5.46, "high_tier": 29.86, "low_tier": 18.94, "COV": 23.471, "CI": "29.86-18.94"}, "phase_time_hp": {"units": "min", "values": ["44.0", "24.0", "20.0", "20.0", "24.0", "34.0"], "average": 27.667, "N": 6, "stdev": 9.501, "interval": 7.816, "high_tier": 35.483, "low_tier": 19.851, "COV": 34.341, "CI": "35.483-19.851"}, "eff_w_char_hp": {"units": "%", "values": ["42.51059987654701", "39.75384719328685", "37.79109063220959", "39.56832656497757", "42.78013128549423", "40.07598223905526"], "average": 40.413, "N": 6, "stdev": 1.905, "interval": 1.567, "high_tier": 41.98, "low_tier": 38.846, "COV": 4.714, "CI": "41.98-38.846"}, "eff_wo_char_hp": {"units": "%", "values": ["35.75384766347269", "35.17338970211529", "34.23233689679491", "35.76174044510848", "39.194547469202966", "36.50952907697277"], "average": 36.104, "N": 6, "stdev": 1.693, "interval": 1.393, "high_tier": 37.497, "low_tier": 34.711, "COV": 4.689, "CI": "37.497-34.711"}, "fuel_mass_hp": {"units": "kg", "values": ["0.4039999999999999", "0.37699999999999995", "0.3609999999999999", "0.373", "0.33799999999999997", "0.38200000000000006"], "average": 0.372, "N": 6, "stdev": 0.022, "interval": 0.018, "high_tier": 0.39, "low_tier": 0.354, "COV": 5.914, "CI": "0.39-0.354"}, "burn_rate_hp": {"units": "g/min", "values": ["9.18181818181818", "15.70833333333333", "18.049999999999994", "18.65", "14.083333333333332", "11.23529411764706"], "average": 14.485, "N": 6, "stdev": 3.752, "interval": 3.087, "high_tier": 17.572, "low_tier": 11.398, "COV": 25.903, "CI": "17.572-11.398"}, "firepower_hp": {"units": "kW", "values": ["2.1330651515151504", "3.8389729166666653", "4.516210833333331", "4.6558575", "3.5640097222222216", "2.8271990196078436"], "average": 3.589, "N": 6, "stdev": 0.976, "interval": 0.803, "high_tier": 4.392, "low_tier": 2.786, "COV": 27.194, "CI": "4.392-2.786"}, "cooking_power_hp": {"units": "kW", "values": ["0.906778791666667", "1.5261394270833335", "1.706725329166667", "1.8422449000000003", "1.5246880381944445", "1.1330277769607837"], "average": 1.44, "N": 6, "stdev": 0.354, "interval": 0.291, "high_tier": 1.731, "low_tier": 1.149, "COV": 24.583, "CI": "1.731-1.149"}, "char_energy_productivity_hp": {"units": "%", "values": ["15.894276328012955", "11.522048341386828", "9.4169119649104", "9.62028584559434", "8.381423124587409", "8.899228322860345"], "average": 10.622, "N": 6, "stdev": 2.795, "interval": 2.299, "high_tier": 12.921, "low_tier": 8.323, "COV": 26.313, "CI": "12.921-8.323"}, "char_mass_productivity_hp": {"units": "%", "values": ["8.415841584158425", "6.100795755968176", "4.98614958448754", "5.093833780160863", "4.437869822485212", "4.712041884816758"], "average": 5.624, "N": 6, "stdev": 1.48, "interval": 1.218, "high_tier": 6.842, "low_tier": 4.406, "COV": 26.316, "CI": "6.842-4.406"}, "time_to_boil_mp": {"units": "min", "values": ["", "", "", "", "", ""], "average": NaN, "N": 0, "stdev": NaN, "interval": NaN, "high_tier": NaN, "low_tier": NaN, "COV": NaN, "CI": "nan-nan"}, "phase_time_mp": {"units": "min", "values": ["", "", "", "", "", ""], "average": NaN, "N": 0, "stdev": NaN, "interval": NaN, "high_tier": NaN, "low_tier": NaN, "COV": NaN, "CI": "nan-nan"}, "eff_w_char_mp": {"units": "%", "values": ["", "", "", "", "", ""], "average": NaN, "N": 0, "stdev": NaN, "interval": NaN, "high_tier": NaN, "low_tier": NaN, "COV": NaN, "CI": "nan-nan"}, "eff_wo_char_mp": {"units": "%", "values": ["", "", "", "", "", ""], "average": NaN, "N": 0, "stdev": NaN, "interval": NaN, "high_tier": NaN, "low_tier": NaN, "COV": NaN, "CI": "nan-nan"}, "fuel_mass_mp": {"units": "kg", "values": ["", "", "", "", "", ""], "average": NaN, "N": 0, "stdev": NaN, "interval": NaN, "high_tier": NaN, "low_tier": NaN, "COV": NaN, "CI": "nan-nan"}, "burn_rate_mp": {"units": "g/min", "values": ["", "", "", "", "", ""], "average": NaN, "N": 0, "stdev": NaN, "interval": NaN, "high_tier": NaN, "low_tier": NaN, "COV": NaN, "CI": "nan-nan"}, "firepower_mp": {"units": "kW", "values": ["", "", "", "", "", ""], "average": NaN, "N": 0, "stdev": NaN, "interval": NaN, "high_tier": NaN, "low_tier": NaN, "COV": NaN, "CI": "nan-nan"}, "cooking_power_mp": {"units": "kW", "values": ["", "", "", "", "", ""], "average": NaN, "N": 0, "stdev": NaN, "interval": NaN, "high_tier": NaN, "low_tier": NaN, "COV": NaN, "CI": "nan-nan"}, "char_energy_productivity_mp": {"units": "%", "values": ["", "", "", "", "", ""], "average": NaN, "N": 0, "stdev": NaN, "interval": NaN, "high_tier": NaN, "low_tier": NaN, "COV": NaN, "CI": "nan-nan"}, "char_mass_productivity_mp": {"units": "%", "values": ["", "", "", "", "", ""], "average": NaN, "N": 0, "stdev": NaN, "interval": NaN, "high_tier": NaN, "low_tier": NaN, "COV": NaN, "CI": "nan-nan"}, "time_to_boil_lp": {"units": "min", "values": ["", "", "", "", "", ""], "average": NaN, "N": 0, "stdev": NaN, "interval": NaN, "high_tier": NaN, "low_tier": NaN, "COV": NaN, "CI": "nan-nan"}, "phase_time_lp": {"units": "min", "values": ["", "", "", "", "", ""], "average": NaN, "N": 0, "stdev": NaN, "interval": NaN, "high_tier": NaN, "low_tier": NaN, "COV": NaN, "CI": "nan-nan"}, "eff_w_char_lp": {"units": "%", "values": ["", "", "", "", "", ""], "average": NaN, "N": 0, "stdev": NaN, "interval": NaN, "high_tier": NaN, "low_tier": NaN, "COV": NaN, "CI": "nan-nan"}, "eff_wo_char_lp": {"units": "%", "values": ["", "", "", "", "", ""], "average": NaN, "N": 0, "stdev": NaN, "interval": NaN, "high_tier": NaN, "low_tier": NaN, "COV": NaN, "CI": "nan-nan"}, "fuel_mass_lp": {"units": "kg", "values": ["", "", "", "", "", ""], "average": NaN, "N": 0, "stdev": NaN, "interval": NaN, "high_tier": NaN, "low_tier": NaN, "COV": NaN, "CI": "nan-nan"}, "burn_rate_lp": {"units": "g/min", "values": ["", "", "", "", "", ""], "average": NaN, "N": 0, "stdev": NaN, "interval": NaN, "high_tier": NaN, "low_tier": NaN, "COV": NaN, "CI": "nan-nan"}, "firepower_lp": {"units": "kW", "values": ["", "", "", "", "", ""], "average": NaN, "N": 0, "stdev": NaN, "interval": NaN, "high_tier": NaN, "low_tier": NaN, "COV": NaN, "CI": "nan-nan"}, "cooking_power_lp": {"units": "kW", "values": ["", "", "", "", "", ""], "average": NaN, "N": 0, "stdev": NaN, "interval": NaN, "high_tier": NaN, "low_tier": NaN, "COV": NaN, "CI": "nan-nan"}, "char_energy_productivity_lp": {"units": "%", "values": ["", "", "", "", "", ""], "average": NaN, "N": 0, "stdev": NaN, "interval": NaN, "high_tier": NaN, "low_tier": NaN, "COV": NaN, "CI": "nan-nan"}, "char_mass_productivity_lp": {"units": "%", "values": ["", "", "", "", "", ""], "average": NaN, "N": 0, "stdev": NaN, "interval": NaN, "high_tier": NaN, "low_tier": NaN, "COV": NaN, "CI": "nan-nan"}}