{"time_to_boil_hp": {"units": "min", "values": ["", "91.0"], "average": 91.0, "N": 1, "stdev": NaN, "interval": NaN, "high_tier": NaN, "low_tier": NaN, "COV": NaN}, "phase_time_hp": {"units": "min", "values": ["39.416666666666664", "91.0"], "average": 65.20833333333333, "N": 2, "stdev": 36.474924796206075, "interval": 162.84217448590735, "high_tier": 228.0505078192407, "low_tier": -97.63384115257402, "COV": 55.93598690791987}, "eff_w_char_hp": {"units": "%", "values": ["13.480629932704119", "20.515443345167867"], "average": 16.998036638935993, "N": 2, "stdev": 4.974364268335194, "interval": 22.208031919642455, "high_tier": 39.20606855857845, "low_tier": -5.209995280706462, "COV": 29.264346077127694}, "eff_wo_char_hp": {"units": "%", "values": ["12.791376593518478", "18.97719529857753"], "average": 15.884285946048005, "N": 2, "stdev": 4.374034353537844, "interval": 19.527861109675268, "high_tier": 35.412147055723274, "low_tier": -3.643575163627263, "COV": 27.53686485117765}, "fuel_mass_hp": {"units": "kg", "values": ["1.8372999999999997", "2.141"], "average": 1.98915, "N": 2, "stdev": 0.2147483294463547, "interval": 0.9587431675225224, "high_tier": 2.9478931675225226, "low_tier": 1.0304068324774776, "COV": 10.795984689256953}, "burn_rate_hp": {"units": "g/min", "values": ["46.612262156448196", "23.52747252747253"], "average": 35.06986734196036, "N": 2, "stdev": 16.323411288913576, "interval": 72.87581274440296, "high_tier": 107.94568008636332, "low_tier": -37.8059454024426, "COV": 46.54540357893786}, "firepower_hp": {"units": "kW", "values": ["12.231534418604648", "6.011408974358974"], "average": 9.12147169648181, "N": 2, "stdev": 4.398292881457102, "interval": 19.636163222928968, "high_tier": 28.757634919410776, "low_tier": -10.514691526447157, "COV": 48.219114500498215}, "cooking_power_hp": {"units": "kW", "values": ["1.648887890063425", "1.233267202380952"], "average": 1.4410775462221885, "N": 2, "stdev": 0.29388820666169274, "interval": 1.312062873218909, "high_tier": 2.7531404194410976, "low_tier": 0.1290146730032795, "COV": 20.393642759345333}, "char_energy_productivity_hp": {"units": "%", "values": ["5.112916403954563", "7.49800050971185"], "average": 6.305458456833207, "N": 2, "stdev": 1.68650914488123, "interval": 7.529414192826347, "high_tier": 13.834872649659554, "low_tier": -1.2239557359931403, "COV": 26.746812407487436}, "char_mass_productivity_hp": {"units": "%", "values": ["2.7104991019430695", "3.970107426436246"], "average": 3.3403032641896577, "N": 2, "stdev": 0.8906775878881502, "interval": 3.9764269834123285, "high_tier": 7.316730247601987, "low_tier": -0.6361237192226707, "COV": 26.66457256850972}, "time_to_boil_mp": {"units": "min", "values": ["", ""], "average": NaN, "N": 0, "stdev": NaN, "interval": NaN, "high_tier": NaN, "low_tier": NaN, "COV": NaN}, "phase_time_mp": {"units": "min", "values": ["", ""], "average": NaN, "N": 0, "stdev": NaN, "interval": NaN, "high_tier": NaN, "low_tier": NaN, "COV": NaN}, "eff_w_char_mp": {"units": "%", "values": ["", ""], "average": NaN, "N": 0, "stdev": NaN, "interval": NaN, "high_tier": NaN, "low_tier": NaN, "COV": NaN}, "eff_wo_char_mp": {"units": "%", "values": ["", ""], "average": NaN, "N": 0, "stdev": NaN, "interval": NaN, "high_tier": NaN, "low_tier": NaN, "COV": NaN}, "fuel_mass_mp": {"units": "kg", "values": ["0.32779000000000014", ""], "average": 0.32779000000000014, "N": 1, "stdev": NaN, "interval": NaN, "high_tier": NaN, "low_tier": NaN, "COV": NaN}, "burn_rate_mp": {"units": "g/min", "values": ["", ""], "average": NaN, "N": 0, "stdev": NaN, "interval": NaN, "high_tier": NaN, "low_tier": NaN, "COV": NaN}, "firepower_mp": {"units": "kW", "values": ["", ""], "average": NaN, "N": 0, "stdev": NaN, "interval": NaN, "high_tier": NaN, "low_tier": NaN, "COV": NaN}, "cooking_power_mp": {"units": "kW", "values": ["", ""], "average": NaN, "N": 0, "stdev": NaN, "interval": NaN, "high_tier": NaN, "low_tier": NaN, "COV": NaN}, "char_energy_productivity_mp": {"units": "%", "values": ["", ""], "average": NaN, "N": 0, "stdev": NaN, "interval": NaN, "high_tier": NaN, "low_tier": NaN, "COV": NaN}, "char_mass_productivity_mp": {"units": "%", "values": ["", ""], "average": NaN, "N": 0, "stdev": NaN, "interval": NaN, "high_tier": NaN, "low_tier": NaN, "COV": NaN}, "time_to_boil_lp": {"units": "min", "values": ["", ""], "average": NaN, "N": 0, "stdev": NaN, "interval": NaN, "high_tier": NaN, "low_tier": NaN, "COV": NaN}, "phase_time_lp": {"units": "min", "values": ["45.0", ""], "average": 45.0, "N": 1, "stdev": NaN, "interval": NaN, "high_tier": NaN, "low_tier": NaN, "COV": NaN}, "eff_w_char_lp": {"units": "%", "values": ["", ""], "average": NaN, "N": 0, "stdev": NaN, "interval": NaN, "high_tier": NaN, "low_tier": NaN, "COV": NaN}, "eff_wo_char_lp": {"units": "%", "values": ["", ""], "average": NaN, "N": 0, "stdev": NaN, "interval": NaN, "high_tier": NaN, "low_tier": NaN, "COV": NaN}, "fuel_mass_lp": {"units": "kg", "values": ["1.6600000000000001", ""], "average": 1.6600000000000001, "N": 1, "stdev": NaN, "interval": NaN, "high_tier": NaN, "low_tier": NaN, "COV": NaN}, "burn_rate_lp": {"units": "g/min", "values": ["36.88888888888889", ""], "average": 36.88888888888889, "N": 1, "stdev": NaN, "interval": NaN, "high_tier": NaN, "low_tier": NaN, "COV": NaN}, "firepower_lp": {"units": "kW", "values": ["9.621992592592592", ""], "average": 9.621992592592592, "N": 1, "stdev": NaN, "interval": NaN, "high_tier": NaN, "low_tier": NaN, "COV": NaN}, "cooking_power_lp": {"units": "kW", "values": ["", ""], "average": NaN, "N": 0, "stdev": NaN, "interval": NaN, "high_tier": NaN, "low_tier": NaN, "COV": NaN}, "char_energy_productivity_lp": {"units": "%", "values": ["5.68173979592207", ""], "average": 5.68173979592207, "N": 1, "stdev": NaN, "interval": NaN, "high_tier": NaN, "low_tier": NaN, "COV": NaN}, "char_mass_productivity_lp": {"units": "%", "values": ["3.012048192771083", ""], "average": 3.012048192771083, "N": 1, "stdev": NaN, "interval": NaN, "high_tier": NaN, "low_tier": NaN, "COV": NaN}}