{"time_to_boil_hp": {"units": "min", "values": ["45.0", "45.0", "45.0"], "average": 45.0, "N": 3, "stdev": 0.0, "interval": 0.0, "high_tier": 45.0, "low_tier": 45.0, "COV": 0.0, "CI": "45.0-45.0"}, "phase_time_hp": {"units": "min", "values": ["53.5", "53.5", "53.5"], "average": 53.5, "N": 3, "stdev": 0.0, "interval": 0.0, "high_tier": 53.5, "low_tier": 53.5, "COV": 0.0, "CI": "53.5-53.5"}, "eff_w_char_hp": {"units": "%", "values": ["11.85231311240779", "11.85231311240779", "11.85231311240779"], "average": 11.852, "N": 3, "stdev": 0.0, "interval": 0.0, "high_tier": 11.852, "low_tier": 11.852, "COV": 0.0, "CI": "11.852-11.852"}, "eff_wo_char_hp": {"units": "%", "values": ["11.23391004904518", "11.23391004904518", "11.23391004904518"], "average": 11.234, "N": 3, "stdev": 0.0, "interval": 0.0, "high_tier": 11.234, "low_tier": 11.234, "COV": 0.0, "CI": "11.234-11.234"}, "fuel_mass_hp": {"units": "kg", "values": ["1.3689999999999998", "1.3689999999999998", "1.3689999999999998"], "average": 1.369, "N": 3, "stdev": 0.0, "interval": 0.0, "high_tier": 1.369, "low_tier": 1.369, "COV": 0.0, "CI": "1.369-1.369"}, "burn_rate_hp": {"units": "g/min", "values": ["25.58878504672897", "25.58878504672897", "25.58878504672897"], "average": 25.589, "N": 3, "stdev": 0.0, "interval": 0.0, "high_tier": 25.589, "low_tier": 25.589, "COV": 0.0, "CI": "25.589-25.589"}, "firepower_hp": {"units": "kW", "values": ["7.073987538940809", "7.073987538940809", "7.073987538940809"], "average": 7.074, "N": 3, "stdev": 0.0, "interval": 0.0, "high_tier": 7.074, "low_tier": 7.074, "COV": 0.0, "CI": "7.074-7.074"}, "cooking_power_hp": {"units": "kW", "values": ["0.8384311526479746", "0.8384311526479746", "0.8384311526479746"], "average": 0.838, "N": 3, "stdev": 0.0, "interval": 0.0, "high_tier": 0.838, "low_tier": 0.838, "COV": 0.0, "CI": "0.838-0.838"}, "char_energy_productivity_hp": {"units": "%", "values": ["5.217572785140353", "5.217572785140353", "5.217572785140353"], "average": 5.218, "N": 3, "stdev": 0.0, "interval": 0.0, "high_tier": 5.218, "low_tier": 5.218, "COV": 0.0, "CI": "5.218-5.218"}, "char_mass_productivity_hp": {"units": "%", "values": ["3.652300949598248", "3.652300949598248", "3.652300949598248"], "average": 3.652, "N": 3, "stdev": 0.0, "interval": 0.0, "high_tier": 3.652, "low_tier": 3.652, "COV": 0.0, "CI": "3.652-3.652"}, "time_to_boil_mp": {"units": "min", "values": ["", "", ""], "average": NaN, "N": 0, "stdev": NaN, "interval": NaN, "high_tier": NaN, "low_tier": NaN, "COV": NaN, "CI": "nan-nan"}, "phase_time_mp": {"units": "min", "values": ["21.416666666666668", "21.416666666666668", ""], "average": 21.417, "N": 2, "stdev": 0.0, "interval": 0.0, "high_tier": 21.417, "low_tier": 21.417, "COV": 0.0, "CI": "21.417-21.417"}, "eff_w_char_mp": {"units": "%", "values": ["18.911190342504202", "18.911190342504202", ""], "average": 18.911, "N": 2, "stdev": 0.0, "interval": 0.0, "high_tier": 18.911, "low_tier": 18.911, "COV": 0.0, "CI": "18.911-18.911"}, "eff_wo_char_mp": {"units": "%", "values": ["17.001933366986364", "17.001933366986364", ""], "average": 17.002, "N": 2, "stdev": 0.0, "interval": 0.0, "high_tier": 17.002, "low_tier": 17.002, "COV": 0.0, "CI": "17.002-17.002"}, "fuel_mass_mp": {"units": "kg", "values": ["0.849", "0.849", ""], "average": 0.849, "N": 2, "stdev": 0.0, "interval": 0.0, "high_tier": 0.849, "low_tier": 0.849, "COV": 0.0, "CI": "0.849-0.849"}, "burn_rate_mp": {"units": "g/min", "values": ["39.642023346303496", "39.642023346303496", ""], "average": 39.642, "N": 2, "stdev": 0.0, "interval": 0.0, "high_tier": 39.642, "low_tier": 39.642, "COV": 0.0, "CI": "39.642-39.642"}, "firepower_mp": {"units": "kW", "values": ["10.394941634241244", "10.394941634241244", ""], "average": 10.395, "N": 2, "stdev": 0.0, "interval": 0.0, "high_tier": 10.395, "low_tier": 10.395, "COV": 0.0, "CI": "10.395-10.395"}, "cooking_power_mp": {"units": "kW", "values": ["1.9658071984435788", "1.9658071984435788", ""], "average": 1.966, "N": 2, "stdev": 0.0, "interval": 0.0, "high_tier": 1.966, "low_tier": 1.966, "COV": 0.0, "CI": "1.966-1.966"}, "char_energy_productivity_mp": {"units": "%", "values": ["10.095911155981828", "10.095911155981828", ""], "average": 10.096, "N": 2, "stdev": 0.0, "interval": 0.0, "high_tier": 10.096, "low_tier": 10.096, "COV": 0.0, "CI": "10.096-10.096"}, "char_mass_productivity_mp": {"units": "%", "values": ["7.06713780918728", "7.06713780918728", ""], "average": 7.067, "N": 2, "stdev": 0.0, "interval": 0.0, "high_tier": 7.067, "low_tier": 7.067, "COV": 0.0, "CI": "7.067-7.067"}, "time_to_boil_lp": {"units": "min", "values": ["", "", ""], "average": NaN, "N": 0, "stdev": NaN, "interval": NaN, "high_tier": NaN, "low_tier": NaN, "COV": NaN, "CI": "nan-nan"}, "phase_time_lp": {"units": "min", "values": ["53.0", "", ""], "average": 53.0, "N": 1, "stdev": NaN, "interval": NaN, "high_tier": NaN, "low_tier": NaN, "COV": NaN, "CI": "nan-nan"}, "eff_w_char_lp": {"units": "%", "values": ["16.452569832402236", "", ""], "average": 16.453, "N": 1, "stdev": NaN, "interval": NaN, "high_tier": NaN, "low_tier": NaN, "COV": NaN, "CI": "nan-nan"}, "eff_wo_char_lp": {"units": "%", "values": ["14.436323529411768", "", ""], "average": 14.436, "N": 1, "stdev": NaN, "interval": NaN, "high_tier": NaN, "low_tier": NaN, "COV": NaN, "CI": "nan-nan"}, "fuel_mass_lp": {"units": "kg", "values": ["0.8160000000000001", "", ""], "average": 0.816, "N": 1, "stdev": NaN, "interval": NaN, "high_tier": NaN, "low_tier": NaN, "COV": NaN, "CI": "nan-nan"}, "burn_rate_lp": {"units": "g/min", "values": ["15.396226415094342", "", ""], "average": 15.396, "N": 1, "stdev": NaN, "interval": NaN, "high_tier": NaN, "low_tier": NaN, "COV": NaN, "CI": "nan-nan"}, "firepower_lp": {"units": "kW", "values": ["3.9402515723270444", "", ""], "average": 3.94, "N": 1, "stdev": NaN, "interval": NaN, "high_tier": NaN, "low_tier": NaN, "COV": NaN, "CI": "nan-nan"}, "cooking_power_lp": {"units": "kW", "values": ["0.6482726415094341", "", ""], "average": 0.648, "N": 1, "stdev": NaN, "interval": NaN, "high_tier": NaN, "low_tier": NaN, "COV": NaN, "CI": "nan-nan"}, "char_energy_productivity_lp": {"units": "%", "values": ["12.254901960784313", "", ""], "average": 12.255, "N": 1, "stdev": NaN, "interval": NaN, "high_tier": NaN, "low_tier": NaN, "COV": NaN, "CI": "nan-nan"}, "char_mass_productivity_lp": {"units": "%", "values": ["8.57843137254902", "", ""], "average": 8.578, "N": 1, "stdev": NaN, "interval": NaN, "high_tier": NaN, "low_tier": NaN, "COV": NaN, "CI": "nan-nan"}}