Variable,units,3.22.23
fuel_type_1,--,douglas fir 
ER_CO,g/min,1.1395450275417338
ER_CO2,g/min,9.052522833949942
ER_PM_heat,g/hr,2.703116778394934
