variable,units,5.31,7.11,average,N,stdev,interval,high_tier,low_tier,COV,CI
fuel_type,--,df,df,,2,,,,,,-
PM_mass_time_L1,mg/min,2037.7297997023188,619.6738411288003,1328.702,2,1002.717,4476.627,5805.329,-3147.925,75.466,5805.329--3147.925
PM_heat_mass_time,g/hr,201.032,22.577,111.805,2,126.187,563.361,675.166,-451.556,112.863,675.166--451.556
