variable_name,units,value,uncertainty
net_mass,mg,18.780000000000015,0.07071067811865477
volume_tot,m^3,0.7367020424999889,0.0
PMconc_tot,mg/m^3,25.491988506330628,0.09598273662809319
PM_tot,Mm^-1,2424.7218052345397,0.0
MSC,m^2/g,0.09511701312090226,0.000358135702790201
PMconc_prebkg,mg/m^3,-0.029517712245396992,0.00011114043926428854
PMconc_test,mg/m^3,25.905483179162754,0.09753963166080941
PMconc_postbkg,mg/m^3,-2.21675146347785e-18,8.346538828702821e-21
