variable_name,units,value,uncertainty
net_mass,mg,18.780000000000015,0.07071067811865477
volume_tot,m^3,7.367020425000148,0.0
PMconc_tot,mg/m^3,2.549198850632973,0.00959827366280898
PM_tot,Mm^-1,2424.7218052345397,0.0
MSC,m^2/g,0.9511701312090559,0.003581357027902136
PMconc_prebkg,mg/m^3,-0.002951771224539597,1.111404392642847e-05
PMconc_test,mg/m^3,2.609423511077312,0.00982503226661542
PMconc_postbkg,mg/m^3,-2.0782044970104845e-19,7.824880151908894e-22
