variable_name,units,value,uncertainty
net_mass,mg,18.780000000000015,0.07071067811865477
volume_tot,m^3,7.367020425000148,0.0
PMconc_tot,mg/m^3,2.549198850632973,0.00959827366280898
PM_tot,Mm^-1,2424.7218052345397,0.0
MSC,m^2/g,0.000951170131209056,3.5813570279021365e-06
PMconc_prebkg,mg/m^3,-0.0029517712245395963,1.1114043926428468e-05
PMconc_test,mg/m^3,2.590548317916184,0.009753963166080598
PMconc_postbkg,mg/m^3,-2.0782044970104845e-19,7.82488015190