variable_name,units,value,uncertainty
net_mass,mg,0.364,0.07071067811865477
volume_tot,m^3,7.367020425000148,0.0
PMconc_tot,mg/m^3,0.04940939199309912,0.00959827366280898
PM_tot,Mm^-1,2424.7218052345397,0.0
MSC,m^2/g,0.049074107318972764,0.009533141226901654
PMconc_prebkg,mg/m^3,-5.7212179218978275e-05,1.1114043926428464e-05
PMconc_test,mg/m^3,0.050576685731210894,0.009825032266615416
PMconc_postbkg,mg/m^3,-2.886395134736784e-21,5.607114211418237e-22
