ISO Performance Metrics (Weighted Mean),units,yatzo_test1,yatzo_test2,yatzo_test3,yatzo_test4,yatzo_test5
thermal_efficiency_w_char,%,86.38721707232048,86.8021190751045,87.34524293369769,87.14119671234981,86.74094779314203
thermal_efficiency_wo_char,%,86.38721707232048,86.8021190751045,87.34524293369769,87.14119671234981,86.74094779314203
char_mass_productivity,%,error,error,error,error,error
char_energy_productivity,%,error,error,error,error,error
avg_cooking_power,watts,0.7575731065589482,0.7240075544011545,0.7625766384924034,0.7257048048662028,0.7372564076596525
burning_rate,g/min,2.6724512958666984,2.5575757575757554,2.675150402773527,2.571448127505621,2.600221483942411
