time,yyyymmdd hhmmss,nan,
seconds,s,8077.0,
CO,ppm,180.06296776455667,
ChipTemp,degC,28.51311983453999,
PM,Mm^-1,527.1940763338949,
Flow,,14465.315408479835,
FlueTemp,degC,26.412131540848332,
TC,degC,335.691106514995,
F1Flow,ccm,2682.5469155463675,
DilFlow,ccm,2640.8709493278197,
CO2,ppm,4170.275616444566,
PM_RH,%,38.07790417097553,
datenumbers,date,19513.559664351855,
phase,text,nan,
COconc,gm^-3,0.20978599141006984,
CO2conc,gm^-3,7.634051742388418,
PMconc,mgm^-3,8.252152199828476,
Cconc,gm^-3,2.17322673179657,
MCE,mol/mol,0.9615475991322444,
CER_CO,g/g,0.0896795793760108,
CER_CO2,g/g,3.5235395368701075,
CER_PM,mg/g,3.621092500430948,
EFmass_CO,g/kg,36.76862754416423,
EFmass_CO2,g/kg,1444.6512101167432,
EFmass_PM,mg/kg,1484.6479251766912,
EFmass_dry_CO,g/kg,44.83978968800524,
EFmass_dry_CO2,g/kg,1761.7697684350542,
EFmass_dry_PM,mg/kg,1810.5462502154758,
EFenergy_CO,g/MJ,2.382776718564213,
EFenergy_CO2,g/MJ,93.62006416413342,
EFenergy_PM,mg/MJ,96.21203584840174,
ER_CO,g/min,2.997277086703599,
ER_CO2,g/min,117.76398140399952,
ER_PM,mg/min,121.02440327992109,
ER_PM_heat,g/hr,7.26146419679524,
Realtime_conc_PM,mg/m^3,8249.734522193852,
PM_flowrate,g/hr,22.389871204121306,
