variable_name,units,value,uncertainty
PMsample_mass_hp,g,6.90000000000135e-05,0.0
Qsample_hp,l/min,32.675439496372775,0.0
phase_time_hp,min,31.816666666666666,
PMmass_hp,ug/m^3,66.37017687356109,0.0
PMsample_mass_mp,g,6.499999999998174e-05,0.0
Qsample_mp,l/min,33.21672992946996,0.0
phase_time_mp,min,35.0,
PMmass_mp,ug/m^3,55.90986412827693,0.0
PMsample_mass_lp,g,4.800000000002025e-05,0.0
Qsample_lp,l/min,33.200530139541364,0.0
phase_time_lp,min,35.0,
PMmass_lp,ug/m^3,41.307429901421905,0.0
